{
    "name": "Snack",
    "children": [
    {
        "name": "Apple Pie",
        "children": [
        {"name": "Fruits", "size":1},
        {"name": "Dairy", "size":1},
        {"name": "Protein", "size":1}
        ]
    },
    {
        "name": "Ants on a Log",
        "children": [
        {"name": "Vegetables", "size":1},
        {"name": "Fruits", "size":0.5},
        {"name": "Protein", "size":2}
        ]
    },
    {    
        "name": "Cheese & Crackers",
        "children": [
        {"name": "Dairy", "size":1.33},
        {"name": "Protein", "size":2}
        ]
    }
    ]
}