{
    "name": "Breakfast",
    "children": [
    {
        "name": "Froot Loops",
        "children": [
        {"name": "Grains", "size":2},
        {"name": "Dairy", "size":1}
        ]
    },
    {
        "name": "Omelet",
        "children": [
        {"name": "Grains", "size":1},
        {"name": "Vegetables", "size":0.5},
        {"name": "Fruits", "size":0.5},
        {"name": "Dairy", "size":1},
        {"name": "Protein", "size":1}
        ]
    },
    {    
        "name": "Muffin",
        "children": [
        {"name": "Grains", "size":2},
        {"name": "Fruits", "size":1},
        {"name": "Protein", "size":2}
        ]
    }
    ]
}