{
    "name": "Dinner",
    "children": [
    {
        "name": "Salmon",
        "children": [
        {"name": "Vegetables", "size":2},
        {"name": "Protein", "size":3}
        ]
    },
	{
        "name": "Pizza",
        "children": [
        {"name": "Grains", "size":2},
        {"name": "Vegetables", "size":1},
        {"name": "Protein", "size":0.5},
		{"name": "Dairy", "size":2}
        ]
    },
    {    
        "name": "Chili",
        "children": [
        {"name": "Vegetables", "size":1.5},
        {"name": "Dairy", "size":0.66},
        {"name": "Protein", "size":1}
        ]
    }
    ]
}