{
    "name": "Meal",
    "children": [
    {
        "name": "Choice 1",
        "children": [
        {"name": "Grains", "size":1},
        {"name": "Vegetables", "size":0.5},
        {"name": "Fruits", "size":0.5},
        {"name": "Dairy", "size":0},
        {"name": "Protein", "size":2}
        ]
    },
    {
        "name": "Choice 2",
        "children": [
        {"name": "Grains", "size":2},
        {"name": "Vegetables", "size":0},
        {"name": "Fruits", "size":1},
        {"name": "Dairy", "size":1},
        {"name": "Protein", "size":1}
        ]
    },
    {    
        "name": "Choice 3",
        "children": [
        {"name": "Grains", "size":1},
        {"name": "Vegetables", "size":1},
        {"name": "Fruits", "size":1},
        {"name": "Dairy", "size":1},
        {"name": "Protein", "size":1}
        ]
    }
    ]
}